<Databases>
	<DBName>Bridge</DBName>
	<DBName>CDMNAPP</DBName>
	<DBName>CDMOAPP</DBName>
	<DBName>CDMSAPP</DBName>
	<DBName>CDMTAPP</DBName>
	<DBName>CDNMAPP</DBName>
	<DBName>CDNVAPP</DBName>
	<DBName>CDTNAPP</DBName>
	<DBName>CDTXAPP</DBName>
	<DBName>CDWIAPP</DBName>
	<DBName>CHANGEAUDITOR</DBName>
	<DBName>CHHApp</DBName>
	<DBName>DWDATA</DBName>
	<DBName>DWLOGGING</DBName>
	<DBName>dwnotification</DBName>
	<DBName>DWSYSTEM</DBName>
	<DBName>dwthumbnail</DBName>
	<DBName>EDIHQ</DBName>
	<DBName>EDIHQArchive</DBName>
	<DBName>EDIHQElig</DBName>
	<DBName>Eligibility</DBName>
	<DBName>FamilyAndFriendsMembership</DBName>
	<DBName>FCCSAPP</DBName>
	<DBName>HDXAPP</DBName>
	<DBName>HHOAAPP</DBName>
	<DBName>HHOMAPP</DBName>
	<DBName>Integration</DBName>
	<DBName>ISWMAPP</DBName>
	<DBName>NNSAPP</DBName>
	<DBName>PayrollTaxReporting</DBName>
	<DBName>PortalBridge</DBName>
	<DBName>PortalBridgeII</DBName>
	<DBName>SLSystem</DBName>
</Databases>